{
    "build": {
      "arduino": {
        "earlephilhower": {
          "boot2_source": "boot2_w25q080_2_padded_checksum.S",
          "usb_vid": "0x2E8A",
          "usb_pid": "0xF00A"
        }
      },
      "core": "earlephilhower",
      "cpu": "cortex-m0plus",
      "extra_flags": "-D ARDUINO_RHC_ZULUSCSI_RP2040 -DARDUINO_ARCH_RP2040 -DUSBD_MAX_POWER_MA=500",
      "f_cpu": "125000000L",
      "hwids": [
        [
          "0x2E8A",
          "0x00C0"
        ],
        [
          "0x2E8A",
          "0xF00A"
        ]
      ],
      "mcu": "rp2040",
      "variant": "zuluscsi_rp2040"
    },
    "debug": {
      "jlink_device": "RP2040_M0_0",
      "openocd_target": "rp2040.cfg",
      "svd_path": "rp2040.svd"
    },
    "frameworks": [
      "arduino"
    ],
    "name": "ZuluSCSI",
    "upload": {
      "maximum_ram_size": 270336,
      "maximum_size": 2097152,
      "require_upload_port": true,
      "native_usb": true,
      "use_1200bps_touch": true,
      "wait_for_upload_port": false,
      "protocol": "picotool",
      "protocols": [
        "blackmagic",
        "cmsis-dap",
        "jlink",
        "raspberrypi-swd",
        "picotool",
        "picoprobe",
        "pico-debug"
      ]
    },
    "url": "https://www.raspberrypi.org/products/raspberry-pi-pico/",
    "vendor": "Rabbit Hole Computing"
  }
  